Name,Age,Team,League,Games_Played,Plate_Appearances,At_Bats,Hits,Home_Runs,RBIs,Walks,Strike_Outs,Batting_Average,Onbase_Percentage,Slugging
Eric Hosmer,33,CHC,NL,31,100,94,22,2,14,6,25,0.234,0.28,0.33
Cade Marlowe,26,SEA,AL,34,100,88,21,3,11,12,33,0.239,0.33,0.42
José Azocar,27,SDP,NL,55,102,91,21,2,9,4,24,0.231,0.278,0.363
Dominic Fletcher,25,ARI,NL,28,102,93,28,2,14,7,22,0.301,0.35,0.441
Richie Palacios,26,STL,NL,32,102,93,24,6,16,6,11,0.258,0.307,0.516
Jonathan Aranda,25,TBR,AL,34,103,87,20,2,13,13,31,0.23,0.34,0.368
Everson Pereira,22,NYY,AL,27,103,93,14,0,10,8,40,0.151,0.233,0.194
Jonathan Davis,31,MIA,NL,34,104,90,22,2,10,7,29,0.244,0.307,0.378
René Pinto,26,TBR,AL,38,105,103,26,6,16,2,34,0.252,0.267,0.456
Jon Singleton,31,TOT,MLB,36,105,91,15,2,12,13,23,0.165,0.267,0.264
Jonah Bride,27,OAK,AL,40,106,88,15,0,7,11,22,0.17,0.286,0.205
Jace Peterson,33,ARI,NL,41,106,93,17,0,9,11,24,0.183,0.276,0.258
Alfonso Rivas III,26,PIT,NL,40,106,94,22,3,14,7,29,0.234,0.305,0.436
Sam Haggerty,29,SEA,AL,52,108,91,23,1,5,15,17,0.253,0.364,0.341
Ronny Mauricio,22,NYM,NL,26,108,101,25,2,9,7,31,0.248,0.296,0.347
Raimel Tapia,29,TOT,AL,44,108,96,26,1,10,11,20,0.271,0.346,0.365
Luis Urías,26,BOS,AL,32,109,89,20,2,13,14,26,0.225,0.361,0.337
Tyler Nevin,26,DET,AL,41,111,95,19,2,10,12,25,0.2,0.306,0.316
Yu Chang,27,BOS,AL,39,112,105,17,6,18,3,34,0.162,0.2,0.352
Alika Williams,24,PIT,NL,46,112,101,20,0,6,9,35,0.198,0.27,0.248
Jackie Bradley Jr.,33,KCR,AL,43,113,105,14,1,6,5,29,0.133,0.188,0.21
David Fry,27,CLE,AL,57,113,101,24,4,15,8,30,0.238,0.319,0.416
Josh Harrison,35,PHI,NL,40,114,103,21,2,10,3,20,0.204,0.263,0.291
Jesús Aguilar,33,OAK,AL,36,115,104,23,5,9,8,31,0.221,0.281,0.385
Jared Walsh,29,LAA,AL,39,116,104,13,4,11,11,45,0.125,0.216,0.279
Jiman Choi,32,TOT,NL,39,117,104,17,6,13,10,35,0.163,0.239,0.385
Avisaíl García,32,MIA,NL,37,118,108,20,3,12,6,39,0.185,0.241,0.315
Josh Donaldson,37,NYY,AL,33,120,106,15,10,15,12,32,0.142,0.225,0.434
Eduardo Escobar,34,NYM,NL,40,120,110,26,4,16,8,24,0.236,0.286,0.409
Luis Guillorme,28,NYM,NL,54,120,107,24,1,9,10,28,0.224,0.288,0.327
José Herrera,26,ARI,NL,41,120,101,21,0,7,13,30,0.208,0.296,0.257
Jacob Young,23,WSN,NL,33,121,107,27,0,12,10,22,0.252,0.322,0.336
Tucker Barnhart,32,CHC,NL,43,123,109,22,1,9,12,42,0.202,0.285,0.257
Noelvi Marte,21,CIN,NL,35,123,114,36,3,15,8,25,0.316,0.366,0.456
Alfonso Rivas III,26,TOT,NL,48,123,109,25,3,15,9,36,0.229,0.303,0.422
Garrett Stubbs,30,PHI,NL,41,125,113,23,1,12,9,29,0.204,0.274,0.283
Víctor Robles,26,WSN,NL,36,126,107,32,0,8,11,18,0.299,0.385,0.364
Nick Gonzales,24,PIT,NL,35,128,115,24,2,13,6,36,0.209,0.268,0.348
Lawrence Butler,22,OAK,AL,42,129,123,26,4,10,4,35,0.211,0.24,0.341
Brett Wisely,24,SFG,NL,51,131,120,21,2,8,9,40,0.175,0.231,0.267
Austin Wynns,32,COL,NL,45,131,117,25,1,8,8,32,0.214,0.273,0.282
Nolan Schanuel,21,LAA,AL,29,132,109,30,1,6,20,19,0.275,0.402,0.33
Garrett Cooper,32,SDP,NL,41,133,117,28,4,15,14,35,0.239,0.323,0.402
Amed Rosario,27,LAD,NL,48,133,125,32,3,18,7,22,0.256,0.301,0.408
Josh Rojas,29,SEA,AL,46,134,125,34,4,14,9,30,0.272,0.321,0.4
Mike Moustakas,34,COL,NL,47,136,115,31,4,17,17,34,0.27,0.36,0.435
Rafael Ortega,32,NYM,NL,47,136,114,25,1,8,20,33,0.219,0.341,0.272
Masyn Winn,21,STL,NL,37,137,122,21,2,12,10,26,0.172,0.23,0.238
Dairon Blanco,30,KCR,AL,69,138,124,32,3,18,10,33,0.258,0.324,0.452
AJ Pollock,35,SEA,AL,49,138,127,22,5,15,9,30,0.173,0.225,0.323
Tyler Soderstrom,21,OAK,AL,45,138,125,20,3,7,11,43,0.16,0.232,0.24
Matthew Batten,28,SDP,NL,43,139,120,31,2,11,17,30,0.258,0.355,0.358
Ryan McKenna,26,BAL,AL,88,139,122,31,2,18,9,40,0.254,0.316,0.361
David Villar,26,SFG,NL,46,140,124,18,5,12,11,45,0.145,0.236,0.315
Mike Zunino,32,CLE,AL,42,140,124,22,3,11,15,61,0.177,0.271,0.306
Dominic Canzone,25,SEA,AL,44,141,135,29,5,13,6,24,0.215,0.248,0.407
Wil Myers,32,CIN,NL,37,141,127,24,3,12,12,48,0.189,0.257,0.283
Davis Schneider,24,TOR,AL,35,141,116,32,8,20,21,43,0.276,0.404,0.603
AJ Pollock,35,TOT,MLB,54,144,133,22,5,15,9,32,0.165,0.215,0.308
Parker Meadows,23,DET,AL,37,145,125,29,3,13,17,37,0.232,0.331,0.368
Austin Wynns,32,TOT,NL,51,145,130,27,1,10,9,39,0.208,0.268,0.277
Omar Narváez,31,NYM,NL,49,146,128,27,2,7,14,27,0.211,0.283,0.297
Kevin Smith,26,OAK,AL,49,146,135,25,5,11,5,51,0.185,0.22,0.326
Billy McKinney,28,NYY,AL,48,147,128,29,6,14,17,39,0.227,0.32,0.406
Nelson Velázquez,24,KCR,AL,40,147,133,31,14,28,11,43,0.233,0.299,0.579
Kody Clemens,27,PHI,NL,47,148,139,32,4,13,8,40,0.23,0.277,0.367
Jose Barrero,25,CIN,NL,46,149,133,29,2,17,15,44,0.218,0.295,0.323
Willie Calhoun,28,NYY,AL,44,149,134,32,5,16,14,20,0.239,0.309,0.403
Cam Gallagher,30,CLE,AL,56,149,143,18,0,7,4,46,0.126,0.154,0.168
Miles Mastrobuoni,27,CHC,NL,60,149,133,32,1,5,13,32,0.241,0.308,0.301
Enmanuel Valdez,24,BOS,AL,49,149,139,37,6,19,8,37,0.266,0.311,0.453
Carson Kelly,28,TOT,MLB,50,151,136,28,2,13,14,40,0.206,0.278,0.287
Jonathan Schoop,31,DET,AL,55,151,136,29,0,7,13,37,0.213,0.278,0.272
Nelson Cruz,42,SDP,NL,49,152,143,35,5,23,6,46,0.245,0.283,0.399
Corey Dickerson,34,WSN,NL,50,152,144,36,2,17,7,28,0.25,0.283,0.354
José Miranda,25,MIN,AL,40,152,142,30,3,13,9,24,0.211,0.263,0.303
Michael Toglia,24,COL,NL,45,152,141,23,4,9,10,50,0.163,0.224,0.284
Austin Nola,33,SDP,NL,52,154,130,19,1,8,18,31,0.146,0.26,0.192
Miguel Amaya,24,CHC,NL,53,156,131,28,5,18,12,40,0.214,0.329,0.359
Jeimer Candelario,29,CHC,NL,41,157,137,32,6,17,17,39,0.234,0.318,0.445
Rougned Odor,29,SDP,NL,59,157,138,28,4,18,17,37,0.203,0.299,0.355
Riley Adams,27,WSN,NL,44,158,143,39,4,21,11,45,0.273,0.331,0.476
Ramón Laureano,28,CLE,AL,41,158,136,33,3,14,16,41,0.243,0.342,0.382
Tom Murphy,32,SEA,AL,47,159,145,42,8,17,10,44,0.29,0.335,0.538
Francisco Mejia,27,TBR,AL,50,160,150,34,5,19,6,38,0.227,0.258,0.4
Zach Remillard,29,CHW,AL,54,160,147,37,1,18,8,48,0.252,0.295,0.32
Johan Rojas,22,PHI,NL,59,164,149,45,2,23,5,42,0.302,0.342,0.43
Dylan Moore,30,SEA,AL,67,165,145,30,7,19,16,56,0.207,0.303,0.428
Tyler Freeman,24,CLE,AL,64,168,153,37,4,18,10,30,0.242,0.295,0.366
Blake Perkins,26,MIL,NL,67,168,143,31,4,20,23,46,0.217,0.325,0.35
Trevor Story,30,BOS,AL,43,168,158,32,3,14,9,55,0.203,0.25,0.316
Jose Trevino,30,NYY,AL,55,168,157,33,4,15,8,22,0.21,0.257,0.312
Raimel Tapia,29,TOT,MLB,64,169,148,35,3,13,17,40,0.236,0.317,0.338
Chad Wallach,31,LAA,AL,65,172,157,31,7,15,13,57,0.197,0.259,0.376
Lenyn Sosa,23,CHW,AL,52,173,164,33,6,14,5,40,0.201,0.224,0.348
Kole Calhoun,35,CLE,AL,43,174,157,34,6,25,13,37,0.217,0.282,0.376
Luis Campusano,24,SDP,NL,49,174,163,52,7,30,7,21,0.319,0.356,0.491
Jake Alu,26,WSN,NL,51,175,159,36,2,16,10,42,0.226,0.282,0.289
Seby Zavala,29,CHW,AL,66,176,161,25,7,16,10,68,0.155,0.207,0.304
Luis Urías,26,TOT,MLB,52,177,144,28,3,18,21,41,0.194,0.337,0.299
Trayce Thompson,32,TOT,MLB,72,179,153,25,6,17,24,77,0.163,0.285,0.294
Nelson Velázquez,24,TOT,MLB,53,179,162,38,17,34,14,51,0.235,0.302,0.586
Oscar González,25,CLE,AL,54,180,173,37,2,12,5,46,0.214,0.239,0.312
Dominic Canzone,25,TOT,MLB,59,182,173,38,6,21,8,32,0.22,0.258,0.399
Anthony Rendon,33,LAA,AL,43,183,148,35,2,22,25,27,0.236,0.361,0.318
Enrique Hernández,31,LAD,NL,54,185,168,44,5,30,12,29,0.262,0.308,0.423
Pablo Reyes,29,BOS,AL,64,185,167,48,2,20,14,21,0.287,0.339,0.377
DJ Stewart,29,NYM,NL,58,185,160,39,11,26,15,56,0.244,0.333,0.506
Jason Delay,28,PIT,NL,70,187,167,42,1,18,14,44,0.251,0.319,0.347
Austin Hedges,30,PIT,NL,65,187,161,29,1,14,11,39,0.18,0.237,0.23
Josh Donaldson,37,TOT,MLB,50,189,165,25,13,26,22,50,0.152,0.249,0.418
Eduardo Escobar,34,LAA,AL,59,189,178,39,2,15,10,54,0.219,0.259,0.303
Carlos Pérez,32,OAK,AL,66,189,168,38,6,20,13,40,0.226,0.293,0.357
Nicky Lopez,28,KCR,AL,68,190,160,34,0,13,21,30,0.213,0.323,0.281
Oswald Peraza,23,NYY,AL,52,191,173,33,2,14,13,50,0.191,0.267,0.272
Brendan Rodgers,26,COL,NL,46,192,178,46,4,20,11,41,0.258,0.313,0.388
Seby Zavala,29,TOT,MLB,73,193,175,30,7,18,12,70,0.171,0.23,0.314
Jesse Winker,29,MIL,NL,61,197,166,33,1,23,26,51,0.199,0.32,0.247
Luke Maile,32,CIN,NL,74,199,179,42,6,25,14,49,0.235,0.308,0.391
Logan O'Hoppe,23,LAA,AL,51,199,182,43,14,29,14,48,0.236,0.296,0.5
Austin Barnes,33,LAD,NL,59,200,178,32,2,11,17,43,0.18,0.256,0.242
Jake Cave,30,PHI,NL,65,203,184,39,5,21,15,55,0.212,0.272,0.348
Mark Canha,34,MIL,NL,50,204,178,51,5,33,17,27,0.287,0.373,0.427
Endy Rodríguez,23,PIT,NL,57,204,186,41,3,13,17,49,0.22,0.284,0.328
Christian Arroyo,28,BOS,AL,66,206,195,47,3,24,7,45,0.241,0.268,0.369
Reese McGuire,28,BOS,AL,72,206,187,50,1,16,11,53,0.267,0.31,0.358
Kevin Pillar,34,ATL,NL,81,206,197,45,9,32,6,50,0.228,0.248,0.416
Austin Slater,30,SFG,NL,89,207,185,50,5,20,20,58,0.27,0.348,0.4
Randal Grichuk,31,LAA,AL,54,208,194,42,8,17,11,45,0.216,0.264,0.412
Matt Duffy,32,KCR,AL,78,209,191,48,2,16,12,39,0.251,0.306,0.325
Jared Triolo,25,PIT,NL,54,209,181,54,3,21,24,63,0.298,0.388,0.398
Nick Ahmed,33,ARI,NL,72,210,198,42,2,17,12,52,0.212,0.257,0.303
Austin Hedges,30,TOT,MLB,81,212,185,34,1,16,11,47,0.184,0.234,0.227
Trevor Larnach,26,MIN,AL,58,212,183,39,8,40,27,72,0.213,0.311,0.415
Liover Peguero,22,PIT,NL,59,213,198,47,7,26,11,67,0.237,0.28,0.374
Josh Rojas,29,ARI,NL,59,216,189,43,0,26,18,51,0.228,0.292,0.296
Kolten Wong,32,SEA,AL,67,216,194,32,2,19,16,46,0.165,0.241,0.227
Jake Burger,27,MIA,NL,53,217,198,60,9,28,10,47,0.303,0.355,0.505
Tommy Pham,35,ARI,NL,50,217,195,47,6,32,18,50,0.241,0.304,0.415
Tucupita Marcano,23,PIT,NL,75,220,202,47,3,18,10,35,0.233,0.276,0.356
Sal Frelick,23,MIL,NL,57,223,191,47,3,24,28,37,0.246,0.341,0.351
Josh Bell,30,MIA,NL,53,224,200,54,11,26,20,53,0.27,0.338,0.48
Rodolfo Castro,24,PIT,NL,78,224,197,45,6,22,21,62,0.228,0.317,0.355
C.J. Cron,33,COL,NL,56,224,208,54,11,32,13,50,0.26,0.304,0.476
Victor Caratini,29,MIL,NL,62,226,201,52,7,25,19,45,0.259,0.327,0.383
James McCann,33,BAL,AL,69,226,207,46,6,26,9,57,0.222,0.269,0.377
Carlos Santana,37,MIL,NL,52,226,205,51,11,33,20,35,0.249,0.314,0.459
Alan Trejo,27,COL,NL,82,227,207,48,4,26,16,51,0.232,0.288,0.343
Pavin Smith,27,ARI,NL,69,228,191,36,7,30,35,45,0.188,0.317,0.325
Gio Urshela,31,LAA,AL,62,228,214,64,2,24,10,36,0.299,0.329,0.374
Jordan Westburg,24,BAL,AL,68,228,208,54,3,23,16,56,0.26,0.311,0.404
Mitch Haniger,32,SFG,NL,61,229,211,44,6,28,15,65,0.209,0.266,0.365
Bo Naylor,23,CLE,AL,67,230,198,47,11,32,30,53,0.237,0.339,0.47
Josh Smith,25,TEX,AL,90,232,195,36,6,15,25,55,0.185,0.304,0.328
Mark Vientos,23,NYM,NL,65,233,218,46,9,22,10,71,0.211,0.253,0.367
Freddy Fermin,28,KCR,AL,70,235,217,61,9,32,13,50,0.281,0.321,0.461
Aaron Hicks,33,BAL,AL,65,236,200,55,7,31,35,49,0.275,0.381,0.425
Matt Carpenter,37,SDP,NL,76,237,188,33,5,31,41,67,0.176,0.322,0.319
Evan Longoria,37,ARI,NL,74,237,211,47,11,28,23,73,0.223,0.295,0.422
Royce Lewis,24,MIN,AL,58,239,217,67,15,52,20,55,0.309,0.372,0.548
Christian Encarnacion-Strand,23,CIN,NL,63,241,222,60,13,37,14,69,0.27,0.328,0.477
Andrew Knizner,28,STL,NL,70,241,224,54,10,31,12,62,0.241,0.288,0.424
Joey Votto,39,CIN,NL,65,242,208,42,14,38,27,62,0.202,0.314,0.433
Rob Refsnyder,32,BOS,AL,89,243,202,50,1,28,33,47,0.248,0.365,0.317
Tyrone Taylor,29,MIL,NL,81,243,231,54,10,35,8,55,0.234,0.267,0.446
Ramón Laureano,28,OAK,AL,64,246,225,48,6,21,17,73,0.213,0.28,0.364
Mike Moustakas,34,LAA,AL,65,250,237,56,8,31,6,61,0.236,0.256,0.371
Kolten Wong,32,TOT,MLB,87,250,224,41,4,27,18,53,0.183,0.256,0.263
Mike Ford,30,SEA,AL,83,251,219,50,16,34,24,81,0.228,0.323,0.475
Garrett Hampson,28,MIA,NL,98,252,221,61,3,23,23,67,0.276,0.349,0.38
Luis Matos,21,SFG,NL,76,253,228,57,2,14,20,33,0.25,0.319,0.342
Kevin Newman,29,CIN,NL,74,253,225,57,3,28,17,34,0.253,0.311,0.364
Zack Short,28,DET,AL,110,253,221,45,7,33,28,66,0.204,0.292,0.339
Santiago Espinal,28,TOR,AL,93,254,230,57,2,25,18,36,0.248,0.31,0.335
Matt Wallner,25,MIN,AL,76,254,213,53,14,41,28,80,0.249,0.37,0.507
Dylan Carlson,24,STL,NL,76,255,219,48,5,27,26,49,0.219,0.318,0.333
Henry Davis,23,PIT,NL,62,255,225,48,7,24,25,69,0.213,0.302,0.351
Stuart Fairchild,27,CIN,NL,97,255,219,50,5,28,25,69,0.228,0.321,0.388
Rodolfo Castro,24,TOT,NL,92,256,227,48,6,24,23,74,0.211,0.297,0.322
Kyle Higashioka,33,NYY,AL,92,260,242,57,10,34,14,74,0.236,0.274,0.413
Vinnie Pasquantino,25,KCR,AL,61,260,231,57,9,26,25,31,0.247,0.324,0.437
Gary Sánchez,30,SDP,NL,72,260,234,51,19,46,21,64,0.218,0.292,0.5
Nicky Lopez,28,TOT,MLB,93,262,225,52,1,25,26,40,0.231,0.326,0.307
Oscar Colás,24,CHW,AL,75,263,245,53,5,19,12,71,0.216,0.257,0.314
Randal Grichuk,31,COL,NL,64,263,240,74,8,27,18,51,0.308,0.365,0.496
Trey Mancini,31,CHC,NL,79,263,235,55,4,28,21,78,0.234,0.299,0.336
Joshua Palacios,27,PIT,NL,91,264,247,59,10,40,12,56,0.239,0.279,0.413
Tommy Pham,35,NYM,NL,79,264,231,62,10,36,29,56,0.268,0.348,0.472
Tyler O'Neill,28,STL,NL,72,266,238,55,9,21,28,67,0.231,0.312,0.403
Gary Sánchez,30,TOT,NL,75,267,240,52,19,47,21,67,0.217,0.288,0.492
Harold Castro,29,COL,NL,99,270,258,65,1,31,9,66,0.252,0.275,0.314
Stone Garrett,27,WSN,NL,89,271,234,63,9,40,26,82,0.269,0.343,0.457
Jake Bauers,27,NYY,AL,84,272,242,49,12,30,27,95,0.202,0.279,0.413
Jacob Stallings,33,MIA,NL,88,276,241,46,3,20,27,67,0.191,0.278,0.286
Casey Schmitt,24,SFG,NL,90,277,253,52,5,30,13,65,0.206,0.255,0.324
C.J. Cron,33,TOT,MLB,71,278,258,64,12,37,17,65,0.248,0.295,0.434
José Caballero,26,SEA,AL,104,280,231,51,4,26,28,66,0.221,0.343,0.32
Eric Haase,30,DET,AL,86,282,264,53,4,26,16,78,0.201,0.246,0.284
Emmanuel Rivera,27,ARI,NL,86,283,257,67,4,29,22,56,0.261,0.314,0.358
Ildemaro Vargas,31,WSN,NL,86,286,262,66,4,31,19,20,0.252,0.304,0.363
Travis Jankowski,32,TEX,AL,107,287,247,65,1,30,35,42,0.263,0.357,0.332
Travis d'Arnaud,34,ATL,NL,74,292,267,60,11,39,21,67,0.225,0.288,0.397
Jordan Diaz,22,OAK,AL,90,293,272,60,10,27,17,69,0.221,0.273,0.364
Eric Haase,30,TOT,AL,89,293,274,55,4,26,17,81,0.201,0.247,0.281
Nick Maton,26,DET,AL,93,293,249,43,8,32,38,73,0.173,0.288,0.305
Nick Madrigal,26,CHC,NL,92,294,270,71,2,28,10,24,0.263,0.311,0.352
Zack Gelof,23,OAK,AL,69,300,270,72,14,32,26,82,0.267,0.337,0.504
Edmundo Sosa,27,PHI,NL,104,300,279,70,10,30,8,74,0.251,0.293,0.427
Danny Jansen,28,TOR,AL,86,301,268,61,17,53,23,62,0.228,0.312,0.474
Patrick Wisdom,31,CHC,NL,97,302,268,55,23,46,30,111,0.205,0.289,0.5
JJ Bleday,25,OAK,AL,82,303,256,50,10,27,42,72,0.195,0.31,0.355
Mark Canha,34,NYM,NL,89,303,257,63,6,29,32,52,0.245,0.343,0.381
Miguel Vargas,23,LAD,NL,81,304,256,50,7,32,38,61,0.195,0.305,0.367
Paul DeJong,29,STL,NL,81,306,279,65,13,32,21,87,0.233,0.297,0.412
Elehuris Montero,24,COL,NL,85,307,284,69,11,39,15,111,0.243,0.29,0.426
Matt Thaiss,28,LAA,AL,95,307,262,56,9,31,36,83,0.214,0.319,0.34
Eduardo Escobar,34,TOT,MLB,99,309,288,65,6,31,18,78,0.226,0.269,0.344
Harrison Bader,29,NYY,AL,84,310,288,69,7,37,14,56,0.24,0.278,0.365
Aaron Hicks,33,TOT,AL,93,312,269,68,8,36,42,69,0.253,0.353,0.383
Jake McCarthy,25,ARI,NL,99,312,276,67,2,16,26,62,0.243,0.318,0.326
Kyle Isbel,26,KCR,AL,91,313,292,70,5,34,17,59,0.24,0.282,0.38
Owen Miller,26,MIL,NL,90,314,291,76,5,27,17,61,0.261,0.303,0.371
Andruw Monasterio,26,MIL,NL,92,315,282,73,3,27,28,66,0.259,0.33,0.348
Joey Wendle,33,MIA,NL,112,318,297,63,2,20,13,67,0.212,0.248,0.306
Alex Kirilloff,25,MIN,AL,88,319,281,76,11,41,28,80,0.27,0.348,0.445
Daniel Vogelbach,30,NYM,NL,104,319,275,64,13,48,42,81,0.233,0.339,0.404
Brandon Crawford,36,SFG,NL,93,320,283,55,7,38,28,81,0.194,0.273,0.314
Jake Burger,27,CHW,AL,88,323,294,63,25,52,22,102,0.214,0.279,0.527
Nick Fortes,26,MIA,NL,108,323,294,60,6,26,17,59,0.204,0.263,0.299
Enrique Hernández,31,BOS,AL,86,323,297,66,6,31,22,68,0.222,0.279,0.32
Corey Julks,27,HOU,AL,93,323,298,73,6,33,22,75,0.245,0.297,0.352
Mickey Moniak,25,LAA,AL,85,323,311,87,14,45,9,113,0.28,0.307,0.495
Garrett Cooper,32,MIA,NL,82,324,305,78,13,46,17,97,0.256,0.296,0.426
Jace Peterson,33,OAK,AL,92,324,281,62,6,28,36,77,0.221,0.313,0.324
Jean Segura,33,MIA,NL,85,326,301,66,3,21,22,47,0.219,0.277,0.279
Nick Allen,24,OAK,AL,106,329,303,67,4,20,17,52,0.221,0.263,0.287
Will Benson,25,CIN,NL,108,329,287,79,11,31,40,103,0.275,0.365,0.498
Yuli Gurriel,39,MIA,NL,108,329,298,73,4,27,26,44,0.245,0.304,0.359
Zach Neto,22,LAA,AL,84,329,289,65,9,34,20,77,0.225,0.308,0.377
Oswaldo Cabrera,24,NYY,AL,115,330,298,63,5,29,25,72,0.211,0.275,0.299
Nick Senzel,28,CIN,NL,104,330,301,71,13,42,26,74,0.236,0.297,0.399
Christian Bethancourt,31,TBR,AL,104,332,315,71,11,33,13,91,0.225,0.254,0.381
Joey Gallo,29,MIN,AL,111,332,282,50,21,40,48,142,0.177,0.301,0.44
Kris Bryant,31,COL,NL,80,335,300,70,10,31,29,68,0.233,0.313,0.367
Ryan Jeffers,26,MIN,AL,96,335,286,79,14,43,33,93,0.276,0.369,0.49
Manuel Margot,28,TBR,AL,99,336,311,82,4,38,18,55,0.264,0.31,0.376
Drew Waters,24,KCR,AL,98,337,302,69,8,32,27,107,0.228,0.3,0.377
Cavan Biggio,28,TOR,AL,111,338,289,68,9,40,40,88,0.235,0.34,0.37
Starling Marte,34,NYM,NL,86,341,315,78,5,28,16,69,0.248,0.301,0.324
Jake Meyers,27,HOU,AL,112,341,309,70,10,33,26,88,0.227,0.296,0.382
Jorge Polanco,29,MIN,AL,80,343,302,77,14,48,36,88,0.255,0.335,0.454
Harrison Bader,29,TOT,MLB,98,344,319,74,7,40,17,59,0.232,0.274,0.348
Aledmys Díaz,32,OAK,AL,109,344,315,72,4,24,17,66,0.229,0.28,0.337
Mitch Garver,32,TEX,AL,87,344,296,80,19,50,44,82,0.27,0.37,0.5
Blake Sabol,25,SFG,NL,110,344,310,73,13,44,24,117,0.235,0.301,0.394
Gavin Sheets,27,CHW,AL,118,344,311,63,10,43,28,66,0.203,0.267,0.331
Gabriel Arias,23,CLE,AL,122,345,315,66,10,26,28,113,0.21,0.275,0.352
Nick Pratto,24,KCR,AL,95,345,306,71,7,35,29,138,0.232,0.307,0.353
Alec Burleson,24,STL,NL,107,347,315,77,8,36,23,45,0.244,0.3,0.39
Byron Buxton,29,MIN,AL,85,347,304,63,17,42,35,109,0.207,0.294,0.438
Taylor Walls,26,TBR,AL,99,349,303,61,8,36,44,92,0.201,0.305,0.333
Jorge Mateo,28,BAL,AL,116,350,318,69,7,34,22,82,0.217,0.267,0.34
Josh Rojas,29,TOT,MLB,105,350,314,77,4,40,27,81,0.245,0.303,0.338
Rowdy Tellez,28,MIL,NL,105,351,311,67,13,47,35,86,0.215,0.291,0.376
Patrick Bailey,24,SFG,NL,97,353,326,76,7,48,21,100,0.233,0.285,0.359
Adam Duvall,34,BOS,AL,92,353,320,79,21,58,22,110,0.247,0.303,0.531
Christian Vázquez,32,MIN,AL,102,355,327,73,6,32,25,82,0.223,0.28,0.318
Paul DeJong,29,TOT,NL,99,356,328,74,14,37,21,103,0.226,0.281,0.393
Akil Baddoo,24,DET,AL,112,357,312,68,11,34,42,89,0.218,0.31,0.372
Yoán Moncada,28,CHW,AL,92,357,334,87,11,40,20,107,0.26,0.305,0.425
Brian Anderson,30,MIL,NL,96,361,318,72,9,40,36,108,0.226,0.31,0.368
Isiah Kiner-Falefa,28,NYY,AL,113,361,326,79,6,37,28,70,0.242,0.306,0.34
Jarren Duran,26,BOS,AL,102,362,332,98,8,40,24,90,0.295,0.346,0.482
Mike Trout,31,LAA,AL,82,362,308,81,18,44,45,104,0.263,0.367,0.49
Jose Siri,27,TBR,AL,101,364,338,75,25,56,20,130,0.222,0.267,0.494
Jake Rogers,28,DET,AL,107,365,331,73,21,49,28,118,0.221,0.286,0.444
Ryan O'Hearn,29,BAL,AL,112,368,346,100,14,60,15,82,0.289,0.322,0.48
Kyle Farmer,32,MIN,AL,120,369,336,86,11,46,23,86,0.256,0.317,0.408
Miguel Cabrera,40,DET,AL,98,370,334,86,4,34,31,74,0.257,0.322,0.353
Ji Hwan Bae,23,PIT,NL,111,371,334,77,2,32,30,92,0.231,0.296,0.311
Brendan Donovan,26,STL,NL,95,371,327,93,11,34,33,53,0.284,0.365,0.422
Yainer Diaz,24,HOU,AL,104,377,355,100,23,60,11,74,0.282,0.308,0.538
Jason Heyward,33,LAD,NL,124,377,334,90,15,40,34,64,0.269,0.34,0.473
Seth Brown,30,OAK,AL,112,378,343,76,14,52,30,101,0.222,0.286,0.405
Jake Fraley,28,CIN,NL,111,380,336,86,15,65,37,71,0.256,0.339,0.443
Gabriel Moreno,23,ARI,NL,111,380,341,97,7,50,29,75,0.284,0.339,0.408
Mike Yastrzemski,32,SFG,NL,106,381,330,77,15,43,45,99,0.233,0.33,0.445
Jazz Chisholm Jr.,25,MIA,NL,97,383,352,88,19,51,26,118,0.25,0.304,0.457
Andy Ibáñez,30,DET,AL,114,383,356,94,11,41,24,69,0.264,0.312,0.433
Chris Taylor,32,LAD,NL,117,384,338,80,15,56,41,125,0.237,0.326,0.42
Edward Olivares,27,KCR,AL,107,385,354,93,12,36,22,64,0.263,0.317,0.452
Mike Moustakas,34,TOT,MLB,112,386,352,87,12,48,23,95,0.247,0.293,0.392
Michael A. Taylor,32,MIN,AL,129,388,355,78,21,51,26,130,0.22,0.278,0.442
Brett Baty,23,NYM,NL,108,389,353,75,9,34,29,109,0.212,0.275,0.323
Josh Bell,30,CLE,AL,97,393,347,81,11,48,43,81,0.233,0.318,0.383
Carlos Santana,37,PIT,NL,94,393,345,81,12,53,45,69,0.235,0.321,0.412
Ramón Urías,29,BAL,AL,116,396,360,95,4,42,27,101,0.264,0.328,0.375
Paul DeJong,29,TOT,MLB,112,400,372,77,14,38,21,121,0.207,0.258,0.355
Mike Tauchman,32,CHC,NL,108,401,337,85,8,48,56,86,0.252,0.363,0.377
Jesús Sánchez,25,MIA,NL,125,402,360,91,14,52,38,107,0.253,0.327,0.45
Alek Thomas,23,ARI,NL,125,402,374,86,9,39,19,86,0.23,0.273,0.374
Matt McLain,23,CIN,NL,89,403,365,106,16,50,31,115,0.29,0.357,0.507
Connor Wong,27,BOS,AL,126,403,371,87,9,36,22,134,0.235,0.288,0.385
Brandon Belt,35,TOR,AL,103,404,339,86,19,43,61,141,0.254,0.369,0.49
Ramón Laureano,28,TOT,AL,105,404,361,81,9,35,33,114,0.224,0.304,0.371
Yasmani Grandal,34,CHW,AL,118,405,363,85,8,33,36,86,0.234,0.309,0.339
Elvis Andrus,34,CHW,AL,112,406,374,94,6,44,25,71,0.251,0.304,0.358
Luke Raley,28,TBR,AL,118,406,357,89,19,49,28,128,0.249,0.333,0.49
Martín Maldonado,36,HOU,AL,116,407,362,69,15,36,30,139,0.191,0.258,0.348
Edouard Julien,24,MIN,AL,109,408,338,89,16,37,64,128,0.263,0.381,0.459
Kevin Kiermaier,33,TOR,AL,129,408,370,98,8,36,29,86,0.265,0.322,0.419
Willi Castro,26,MIN,AL,124,409,358,92,9,34,34,99,0.257,0.339,0.411
Taylor Ward,29,LAA,AL,97,409,356,90,14,47,39,80,0.253,0.335,0.421
Jose Altuve,33,HOU,AL,90,410,360,112,17,51,44,71,0.311,0.393,0.522
Joey Wiemer,24,MIL,NL,132,410,367,75,13,42,36,116,0.204,0.283,0.362
Amed Rosario,27,CLE,AL,94,412,385,102,3,40,22,77,0.265,0.306,0.369
Charlie Blackmon,36,COL,NL,96,413,359,100,8,40,39,55,0.279,0.363,0.44
Giancarlo Stanton,33,NYY,AL,101,415,371,71,24,60,41,124,0.191,0.275,0.42
Riley Greene,22,DET,AL,99,416,378,109,11,37,35,114,0.288,0.349,0.447
Jarred Kelenic,23,SEA,AL,105,416,372,94,11,49,41,132,0.253,0.327,0.419
Jeimer Candelario,29,WSN,NL,99,419,368,95,16,53,36,88,0.258,0.342,0.481
Yan Gomes,35,CHC,NL,116,419,382,102,10,63,21,81,0.267,0.315,0.408
Tony Kemp,31,OAK,AL,124,419,359,75,5,27,44,40,0.209,0.303,0.304
Robbie Grossman,33,TEX,AL,115,420,353,84,10,49,57,98,0.238,0.34,0.394
Anthony Rizzo,33,NYY,AL,99,421,373,91,12,41,35,97,0.244,0.328,0.378
Alejandro Kirk,24,TOR,AL,123,422,372,93,8,43,42,45,0.25,0.334,0.358
David Peralta,35,LAD,NL,133,422,394,102,7,55,20,72,0.259,0.294,0.381
Francisco Alvarez,21,NYM,NL,123,423,382,80,25,63,34,110,0.209,0.284,0.437
Miguel Rojas,34,LAD,NL,124,423,385,91,5,31,26,48,0.236,0.29,0.322
Jon Berti,33,MIA,NL,133,424,388,114,7,33,29,77,0.294,0.344,0.405
Nolan Jones,25,COL,NL,106,424,367,109,20,62,53,126,0.297,0.389,0.542
Joc Pederson,31,SFG,NL,121,425,358,84,15,51,57,89,0.235,0.348,0.416
Elly De La Cruz,21,CIN,NL,98,427,388,91,13,44,35,144,0.235,0.3,0.41
Christopher Morel,24,CHC,NL,107,429,388,96,26,70,36,133,0.247,0.313,0.508
Jace Peterson,33,TOT,MLB,133,430,374,79,6,37,47,101,0.211,0.304,0.307
Brenton Doyle,25,COL,NL,126,431,399,81,10,48,22,151,0.203,0.25,0.343
Harold Ramírez,28,TBR,AL,122,434,400,125,12,68,22,79,0.313,0.353,0.46
Brandon Lowe,28,TBR,AL,109,436,377,87,21,68,50,119,0.231,0.328,0.443
Sean Murphy,28,ATL,NL,108,438,370,93,21,68,49,98,0.251,0.365,0.478
Alex Call,28,WSN,NL,128,439,375,75,8,38,53,78,0.2,0.307,0.307
Ezequiel Duran,24,TEX,AL,122,439,406,112,14,46,23,120,0.276,0.324,0.443
Luis Rengifo,26,LAA,AL,126,445,394,104,16,51,41,82,0.264,0.339,0.444
Brice Turang,23,MIL,NL,137,448,404,88,6,34,38,94,0.218,0.285,0.3
Donovan Solano,35,MIN,AL,134,450,394,111,5,38,40,100,0.282,0.369,0.391
Wilmer Flores,31,SFG,NL,126,454,405,115,23,60,41,63,0.284,0.355,0.509
Will Brennan,25,CLE,AL,138,455,432,115,5,41,16,57,0.266,0.299,0.356
Adam Frazier,31,BAL,AL,141,455,412,99,13,60,32,68,0.24,0.3,0.396
Cedric Mullins,28,BAL,AL,116,455,404,94,15,74,43,101,0.233,0.305,0.416
Garrett Cooper,32,TOT,NL,123,457,422,106,17,61,31,132,0.251,0.304,0.419
Chas McCormick,28,HOU,AL,115,457,403,110,22,70,40,117,0.273,0.353,0.489
Aaron Judge,31,NYY,AL,106,458,367,98,37,75,88,130,0.267,0.406,0.613
Kerry Carpenter,25,DET,AL,118,459,418,116,20,64,32,115,0.278,0.34,0.471
Michael Massey,25,KCR,AL,129,461,428,98,15,55,24,99,0.229,0.274,0.381
Nolan Gorman,23,STL,NL,119,464,406,96,27,76,53,148,0.236,0.328,0.478
Jordan Walker,21,STL,NL,117,465,420,116,16,51,37,104,0.276,0.342,0.445
Michael Conforto,30,SFG,NL,125,470,406,97,15,58,53,106,0.239,0.334,0.384
Ryan Mountcastle,26,BAL,AL,115,470,423,114,18,68,37,107,0.27,0.328,0.452
Randal Grichuk,31,TOT,MLB,118,471,434,116,16,44,29,96,0.267,0.321,0.459
Connor Joe,30,PIT,NL,133,472,413,102,11,42,50,110,0.247,0.339,0.421
Brandon Marsh,25,PHI,NL,133,472,404,112,12,60,59,144,0.277,0.372,0.458
Jurickson Profar,30,COL,NL,111,472,415,98,8,39,45,86,0.236,0.316,0.364
Andrew McCutchen,36,PIT,NL,112,473,390,100,12,43,75,100,0.256,0.378,0.397
J.D. Martinez,35,LAD,NL,113,479,432,117,33,103,34,149,0.271,0.321,0.572
Tommy Pham,35,TOT,NL,129,481,426,109,16,68,47,106,0.256,0.328,0.446
Luis García Jr.,23,WSN,NL,122,482,447,119,9,50,27,60,0.266,0.304,0.385
Eloy Jiménez,26,CHW,AL,120,489,456,124,18,64,30,93,0.272,0.317,0.441
Shea Langeliers,25,OAK,AL,135,490,448,92,22,63,34,143,0.205,0.268,0.413
Wander Franco,22,TBR,AL,112,491,442,124,17,58,42,69,0.281,0.344,0.475
Max Kepler,30,MIN,AL,130,491,438,114,24,66,45,106,0.26,0.332,0.484
Mauricio Dubón,28,HOU,AL,132,492,467,130,10,46,19,70,0.278,0.309,0.411
Willson Contreras,31,STL,NL,125,495,428,113,20,67,51,111,0.264,0.358,0.467
Josh Naylor,26,CLE,AL,121,495,452,139,17,97,33,68,0.308,0.354,0.489
Ryan Noda,27,OAK,AL,128,495,406,93,16,54,77,170,0.229,0.364,0.406
Geraldo Perdomo,23,ARI,NL,144,495,407,100,6,47,64,86,0.246,0.353,0.359
Yordan Alvarez,26,HOU,AL,114,496,410,120,31,97,69,92,0.293,0.407,0.583
Esteury Ruiz,24,OAK,AL,132,497,449,114,5,47,20,99,0.254,0.309,0.345
Jonah Heim,28,TEX,AL,131,501,457,118,18,95,40,96,0.258,0.317,0.438
Josh Lowe,25,TBR,AL,135,501,466,136,20,83,31,124,0.292,0.335,0.5
Triston Casas,23,BOS,AL,132,502,429,113,24,65,70,126,0.263,0.367,0.49
Lars Nootbaar,25,STL,NL,117,503,426,111,14,46,72,99,0.261,0.367,0.418
Hunter Renfroe,31,LAA,AL,126,504,459,111,19,56,39,113,0.242,0.304,0.434
Mark Canha,34,TOT,NL,139,507,435,114,11,62,49,79,0.262,0.355,0.4
Enrique Hernández,31,TOT,MLB,140,508,465,110,11,61,34,97,0.237,0.289,0.357
Maikel Garcia,23,KCR,AL,123,515,464,126,4,50,38,115,0.272,0.323,0.358
Josh Jung,25,TEX,AL,122,515,478,127,23,70,30,151,0.266,0.315,0.467
Eddie Rosario,31,ATL,NL,142,516,478,122,21,74,34,122,0.255,0.305,0.45
Tyler Stephenson,26,CIN,NL,142,517,465,113,13,56,47,135,0.243,0.317,0.378
Zach McKinstry,28,DET,AL,148,518,464,107,9,35,44,113,0.231,0.302,0.351
Myles Straw,28,CLE,AL,147,518,462,110,1,29,42,97,0.238,0.301,0.297
LaMonte Wade Jr.,29,SFG,NL,135,519,429,110,17,45,76,95,0.256,0.373,0.417
Jurickson Profar,30,TOT,NL,125,521,459,111,9,46,50,90,0.242,0.321,0.368
Jake Cronenworth,29,SDP,NL,127,522,458,105,10,48,46,97,0.229,0.312,0.378
Brandon Drury,30,LAA,AL,125,523,485,127,26,83,25,136,0.262,0.306,0.497
Tim Anderson,30,CHW,AL,123,524,493,121,1,25,26,122,0.245,0.286,0.296
Ke'Bryan Hayes,26,PIT,NL,124,525,494,134,15,61,28,104,0.271,0.309,0.453
Elias Díaz,32,COL,NL,141,526,486,130,14,72,34,118,0.267,0.316,0.409
Brent Rooker,28,OAK,AL,137,526,463,114,30,69,49,172,0.246,0.329,0.488
Tommy Edman,28,STL,NL,137,528,479,119,13,47,35,84,0.248,0.307,0.399
Jonathan India,26,CIN,NL,119,529,454,111,17,61,52,109,0.244,0.338,0.407
Thairo Estrada,27,SFG,NL,120,530,495,134,14,49,22,120,0.271,0.315,0.416
Matt Vierling,26,DET,AL,134,530,479,125,10,44,44,112,0.261,0.329,0.388
Orlando Arcia,28,ATL,NL,139,533,488,129,17,65,39,102,0.264,0.321,0.42
Jack Suwinski,24,PIT,NL,144,534,447,100,26,74,75,172,0.224,0.339,0.454
Corey Seager,29,TEX,AL,119,536,477,156,33,96,49,88,0.327,0.39,0.623
Michael Harris II,22,ATL,NL,138,539,505,148,18,57,25,101,0.293,0.331,0.477
Jake Burger,27,TOT,MLB,141,540,492,123,34,80,32,149,0.25,0.309,0.518
J.T. Realmuto,32,PHI,NL,135,540,489,123,20,63,35,138,0.252,0.31,0.452
Amed Rosario,27,TOT,MLB,142,545,510,134,6,58,29,99,0.263,0.305,0.378
J.D. Davis,30,SFG,NL,144,546,480,119,18,69,52,152,0.248,0.325,0.413
Bryce Harper,30,PHI,NL,126,546,457,134,21,72,80,119,0.293,0.401,0.499
Javier Báez,30,DET,AL,136,547,510,113,9,59,24,125,0.222,0.267,0.325
Hunter Renfroe,31,TOT,MLB,140,548,498,116,20,60,44,125,0.233,0.297,0.416
Will Smith,28,LAD,NL,126,554,464,121,19,76,63,89,0.261,0.359,0.438
Leody Taveras,24,TEX,AL,143,554,511,136,14,67,35,117,0.266,0.312,0.421
Trent Grisham,26,SDP,NL,153,555,469,93,13,50,75,154,0.198,0.315,0.352
Cody Bellinger,27,CHC,NL,130,556,499,153,26,97,40,87,0.307,0.356,0.525
TJ Friedl,27,CIN,NL,138,556,488,136,18,66,47,90,0.279,0.352,0.467
DJ LeMahieu,34,NYY,AL,136,562,497,121,15,44,60,125,0.243,0.327,0.39
Keibert Ruiz,24,WSN,NL,136,562,523,136,18,67,31,58,0.26,0.308,0.409
Austin Hays,27,BAL,AL,144,566,520,143,16,67,38,141,0.275,0.325,0.444
James Outman,26,LAD,NL,151,567,483,120,23,70,68,181,0.248,0.353,0.437
Cal Raleigh,26,SEA,AL,145,569,513,119,30,75,54,158,0.232,0.306,0.456
Isaac Paredes,24,TBR,AL,143,571,492,123,31,98,58,104,0.25,0.352,0.488
Jeimer Candelario,29,TOT,NL,140,576,505,127,22,70,53,127,0.251,0.336,0.471
Max Muncy,32,LAD,NL,135,579,482,102,36,105,85,153,0.212,0.333,0.475
Carlos Correa,28,MIN,AL,135,580,514,118,18,65,59,131,0.23,0.312,0.399
Salvador Perez,33,KCR,AL,140,580,538,137,23,80,19,135,0.255,0.292,0.422
Jorge Soler,31,MIA,NL,137,580,504,126,36,75,66,141,0.25,0.341,0.512
Masataka Yoshida,29,BOS,AL,140,580,537,155,15,72,34,81,0.289,0.338,0.445
Matt Chapman,30,TOR,AL,140,581,509,122,17,54,62,165,0.24,0.33,0.424
Daulton Varsho,26,TOR,AL,158,581,527,116,20,61,45,135,0.22,0.285,0.389
Seiya Suzuki,28,CHC,NL,138,583,515,147,20,74,59,130,0.285,0.357,0.485
Dominic Smith,28,WSN,NL,153,586,527,134,12,46,47,91,0.254,0.326,0.366
Lourdes Gurriel Jr.,29,ARI,NL,145,592,551,144,24,82,33,103,0.261,0.309,0.463
Whit Merrifield,34,TOR,AL,145,592,547,149,11,67,36,101,0.272,0.318,0.382
Marcell Ozuna,32,ATL,NL,144,592,530,145,40,100,57,134,0.274,0.346,0.558
José Abreu,36,HOU,AL,141,594,540,128,18,90,42,130,0.237,0.296,0.383
Luis Robert Jr.,25,CHW,AL,145,595,546,144,38,80,30,172,0.264,0.315,0.542
Shohei Ohtani,28,LAA,AL,135,599,497,151,44,95,91,143,0.304,0.412,0.654
Yandy Díaz,31,TBR,AL,137,600,525,173,22,78,65,94,0.33,0.41,0.522
Bo Bichette,25,TOR,AL,135,601,571,175,20,73,27,115,0.306,0.339,0.475
Manny Machado,30,SDP,NL,138,601,543,140,30,91,50,109,0.258,0.319,0.462
Anthony Volpe,22,NYY,AL,159,601,541,113,21,60,52,167,0.209,0.283,0.383
MJ Melendez,24,KCR,AL,148,602,533,125,16,56,62,170,0.235,0.316,0.398
Alex Verdugo,27,BOS,AL,142,602,546,144,13,54,45,93,0.264,0.324,0.421
Alec Bohm,26,PHI,NL,145,611,558,153,20,97,42,94,0.274,0.327,0.437
William Contreras,25,MIL,NL,141,611,540,156,17,78,63,126,0.289,0.367,0.457
Nolan Arenado,32,STL,NL,144,612,560,149,26,93,41,101,0.266,0.315,0.459
CJ Abrams,22,WSN,NL,151,614,563,138,18,64,32,118,0.245,0.3,0.412
Ezequiel Tovar,21,COL,NL,153,615,581,147,15,73,25,166,0.253,0.287,0.408
Andrew Vaughn,25,CHW,AL,152,615,566,146,21,80,36,129,0.258,0.314,0.429
Andrés Giménez,24,CLE,AL,153,616,557,140,15,62,32,112,0.251,0.314,0.399
Luis Arráez,26,MIA,NL,147,617,574,203,10,69,35,34,0.354,0.393,0.469
Josh Bell,30,TOT,MLB,150,617,547,135,22,74,63,134,0.247,0.325,0.419
Carlos Santana,37,TOT,NL,146,619,550,132,23,86,65,104,0.24,0.318,0.429
Andrew Benintendi,28,CHW,AL,151,621,562,147,5,45,52,89,0.262,0.326,0.356
Gunnar Henderson,22,BAL,AL,150,622,560,143,28,82,56,159,0.255,0.325,0.489
Bryan De La Cruz,26,MIA,NL,153,626,579,149,19,78,40,142,0.257,0.304,0.411
Ha-Seong Kim,27,SDP,NL,152,626,538,140,17,60,75,124,0.26,0.351,0.398
Justin Turner,38,BOS,AL,146,626,558,154,23,96,51,110,0.276,0.345,0.455
Ryan McMahon,28,COL,NL,152,627,555,133,23,70,68,198,0.24,0.322,0.431
Adolis García,30,TEX,AL,148,632,555,136,39,107,65,175,0.245,0.328,0.508
Christian Yelich,31,MIL,NL,144,632,550,153,19,76,78,140,0.278,0.37,0.447
Jeremy Peña,25,HOU,AL,150,634,577,152,10,52,43,129,0.263,0.324,0.381
Fernando Tatis Jr.,24,SDP,NL,141,635,575,148,25,78,53,141,0.257,0.322,0.449
Willy Adames,27,MIL,NL,149,638,553,120,24,80,71,165,0.217,0.31,0.407
J.P. Crawford,28,SEA,AL,145,638,534,142,19,65,94,125,0.266,0.38,0.438
Dansby Swanson,29,CHC,NL,147,638,565,138,22,80,66,154,0.244,0.328,0.416
Bryan Reynolds,28,PIT,NL,145,640,574,151,24,84,53,138,0.263,0.33,0.46
Bryson Stott,25,PHI,NL,151,640,585,164,15,62,39,100,0.28,0.329,0.419
Corbin Carroll,22,ARI,NL,155,645,565,161,25,76,57,125,0.285,0.362,0.506
Jeff McNeil,31,NYM,NL,156,648,585,158,10,55,39,65,0.27,0.333,0.378
Ketel Marte,29,ARI,NL,150,650,569,157,25,82,71,109,0.276,0.358,0.485
Randy Arozarena,28,TBR,AL,151,654,551,140,23,83,80,156,0.254,0.364,0.425
Rafael Devers,26,BOS,AL,153,656,580,157,33,100,62,126,0.271,0.351,0.5
Anthony Santander,28,BAL,AL,153,656,591,152,28,95,55,152,0.257,0.325,0.472
Joey Meneses,31,WSN,NL,154,657,611,168,13,89,38,130,0.275,0.321,0.401
Pete Alonso,28,NYM,NL,154,658,568,123,46,118,65,151,0.217,0.318,0.504
Ozzie Albies,26,ATL,NL,148,660,596,167,33,109,46,107,0.28,0.336,0.513
Christian Walker,32,ARI,NL,157,661,582,150,33,103,62,127,0.258,0.333,0.497
Xander Bogaerts,30,SDP,NL,155,665,596,170,19,58,56,110,0.285,0.35,0.44
Ty France,28,SEA,AL,158,665,587,147,12,58,43,117,0.25,0.337,0.366
Spencer Steer,25,CIN,NL,156,665,582,158,23,86,68,139,0.271,0.356,0.464
Nick Castellanos,31,PHI,NL,157,671,626,170,29,106,36,185,0.272,0.311,0.476
Gleyber Torres,26,NYY,AL,158,672,596,163,25,68,67,98,0.273,0.347,0.453
Kyle Tucker,26,HOU,AL,157,674,574,163,29,112,80,92,0.284,0.369,0.517
Teoscar Hernández,30,SEA,AL,160,678,625,161,26,93,38,211,0.258,0.305,0.435
Vladimir Guerrero Jr.,24,TOR,AL,156,682,602,159,26,94,67,100,0.264,0.345,0.444
Brandon Nimmo,30,NYM,NL,152,682,592,162,24,68,74,146,0.274,0.363,0.466
Lane Thomas,27,WSN,NL,156,682,628,168,28,86,36,176,0.268,0.315,0.468
George Springer,33,TOR,AL,154,683,613,158,21,72,60,125,0.258,0.327,0.405
Spencer Torkelson,23,DET,AL,159,684,606,141,31,94,67,171,0.233,0.313,0.446
Paul Goldschmidt,35,STL,NL,154,687,593,159,25,80,87,161,0.268,0.363,0.447
Francisco Lindor,29,NYM,NL,160,687,602,153,31,98,66,137,0.254,0.336,0.47
Adley Rutschman,25,BAL,AL,154,687,588,163,20,80,92,101,0.277,0.374,0.435
Nico Hoerner,26,CHC,NL,150,688,619,175,9,68,49,83,0.283,0.346,0.383
Ian Happ,28,CHC,NL,158,691,580,144,21,84,99,153,0.248,0.36,0.431
José Ramírez,30,CLE,AL,156,691,611,172,24,80,73,73,0.282,0.356,0.475
Trea Turner,30,PHI,NL,155,691,639,170,26,76,45,150,0.266,0.32,0.459
Mookie Betts,30,LAD,NL,152,693,584,179,39,107,96,107,0.307,0.408,0.579
Eugenio Suárez,31,SEA,AL,162,694,598,139,22,96,70,214,0.232,0.323,0.391
Bobby Witt Jr.,23,KCR,AL,158,694,641,177,30,96,40,121,0.276,0.319,0.495
Juan Soto,24,SDP,NL,162,708,568,156,35,109,132,129,0.275,0.41,0.519
Julio Rodríguez,22,SEA,AL,155,714,654,180,32,103,47,175,0.275,0.333,0.485
Austin Riley,26,ATL,NL,159,715,636,179,37,97,59,172,0.281,0.345,0.516
Steven Kwan,25,CLE,AL,158,718,638,171,5,54,70,75,0.268,0.34,0.37
Matt Olson,29,ATL,NL,162,720,608,172,54,139,104,167,0.283,0.389,0.604
Kyle Schwarber,30,PHI,NL,160,720,585,115,47,104,126,215,0.197,0.343,0.474
Alex Bregman,29,HOU,AL,161,724,622,163,25,98,92,87,0.262,0.363,0.441
Nathaniel Lowe,27,TEX,AL,161,724,623,163,17,82,93,165,0.262,0.36,0.414
Freddie Freeman,33,LAD,NL,161,730,637,211,29,102,72,121,0.331,0.41,0.567
Ronald Acuña Jr.,25,ATL,NL,159,735,643,217,41,106,80,84,0.337,0.416,0.596
Marcus Semien,32,TEX,AL,162,753,670,185,29,100,72,110,0.276,0.348,0.478